"Pitcher","Team","At","Opp","Dec","K"
"Kevin Gausman","TOR","","TEX","","5"
"Kevin Gausman","TOR","@","NYY","L(0-1)","9"
"Kevin Gausman","TOR","@","BOS","W(1-1)","8"
"Kevin Gausman","TOR","","BOS","","9"
"Kevin Gausman","TOR","","HOU","W(2-1)","10"
"Kevin Gausman","TOR","@","TBR","L(3-2)","8"
"Dylan Cease","CHW","@","DET","W(1-0)","8"
"Dylan Cease","CHW","","TBR","W(2-0)","8"
"Dylan Cease","CHW","@","CLE","L(2-1)","3"
"Dylan Cease","CHW","","KCR","","9"
"Dylan Cease","CHW","","LAA","W(3-1)","11"
"Dylan Cease","CHW","","NYY","","11"
"Merrill Kelly","ARI","","SDP","","7"
"Merrill Kelly","ARI","","HOU","","6"
"Merrill Kelly","ARI","@","WSN","W(1-0)","5"
"Merrill Kelly","ARI","","LAD","L(1-1)","4"
"Merrill Kelly","ARI","@","STL","W(2-1)","4"
"Merrill Kelly","ARI","","MIA","","4"
"Pablo Lopez","MIA","@","SFG","","6"
"Pablo Lopez","MIA","","PHI","W(1-0)","2"
"Pablo Lopez","MIA","@","WSN","W(3-0)","6"
"Pablo Lopez","MIA","","ARI","L(3-1)","7"
"Pablo Lopez","MIA","@","SDP","W(4-1)","5"
"Pablo Lopez","MIA","","MIL","","11"
"Max Fried","ATL","","CIN","L(0-1)","5"
"Max Fried","ATL","","WSN","L(0-2)","4"
"Max Fried","ATL","@","LAD","W(1-2)","8"
"Max Fried","ATL","","CHC","W(2-2)","4"
"Max Fried","ATL","@","NYM","W(3-2)","6"
"Max Fried","ATL","","MIL","W(4-2)","8"
"Max Fried","ATL","","SDP","","6"
"Tylor Megill","NYM","@","WSN","W(1-0)","6"
"Tylor Megill","NYM","@","PHI","W(2-0)","5"
"Tylor Megill","NYM","","SFG","","4"
"Tylor Megill","NYM","@","ARI","W(3-0)","7"
"Tylor Megill","NYM","","PHI","W(4-0)","5"
"Tylor Megill","NYM","","ATL","L(4-1)","9"
"Tylor Megill","NYM","@","WSN","L(4-2)","1"
"Logan Webb","SFG","","MIA","","3"
"Logan Webb","SFG","","SDP","W(1-0)","7"
"Logan Webb","SFG","@","NYM","L(1-1)","1"
"Logan Webb","SFG","@","WSN","W(2-1)","6"
"Logan Webb","SFG","","WSN","W(3-1)","3"
"Logan Webb","SFG","","STL","W(4-1)","7"
"Logan Webb","SFG","@","STL","W(5-1)","1"
"Corbin Burnes","MIL","@","CHC","","4"
"Corbin Burnes","MIL","@","BAL","","8"
"Corbin Burnes","MIL","","CHC","L(1-1)","10"
"Corbin Burnes","MIL","@","ATL","L(1-2)","7"
"Corbin Burnes","MIL","@","MIA","","7"
"Logan Gilbert","SEA","@","MIN","","7"
"Logan Gilbert","SEA","@","CHW","W(1-0)","4"
"Logan Gilbert","SEA","","TEX","W(2-0)","4"
"Logan Gilbert","SEA","","TBR","","6"
"Logan Gilbert","SEA","","PHI","L(4-1)","9"
"Frankie Montas","OAK","@","PHI","L(0-1)","6"
"Frankie Montas","OAK","@","TBR","W(1-1)","6"
"Frankie Montas","OAK","","BAL","W(2-1)","5"
"Frankie Montas","OAK","","TEX","L(2-2)","8"
"Frankie Montas","OAK","","CLE","","6"
"Miles Mikolas","STL","","PIT","","1"
"Miles Mikolas","STL","@","MIL","W(1-0)","7"
"Miles Mikolas","STL","@","MIA","","5"
"Miles Mikolas","STL","","NYM","","5"
"Miles Mikolas","STL","","ARI","L(1-1)","7"
"Miles Mikolas","STL","@","SFG","W(2-1)","3"
"Miles Mikolas","STL","","BAL","W(3-1)","3"
"Tyler Mahle","CIN","@","ATL","W(1-0)","7"
"Tyler Mahle","CIN","","CLE","","4"
"Tyler Mahle","CIN","@","LAD","L(1-1)","5"
"Tyler Mahle","CIN","","STL","L(1-2)","3"
"Tyler Mahle","CIN","","SDP","L(1-3)","5"
"Tyler Mahle","CIN","@","MIL","L(1-4)","2"
"Drew Rasmussen","TBR","","BAL","","3"
"Drew Rasmussen","TBR","@","CHW","L(0-1)","2"
"Drew Rasmussen","TBR","@","CHC","","4"
"Drew Rasmussen","TBR","","SEA","W(1-1)","9"
"Drew Rasmussen","TBR","@","OAK","W(2-1)","3"
"Drew Rasmussen","TBR","@","SEA","W(3-1)","5"
"Drew Rasmussen","TBR","","TOR","","1"
"Shane McClanahan","TBR","","BAL","","7"
"Shane McClanahan","TBR","","OAK","L(0-1)","8"
"Shane McClanahan","TBR","@","CHC","","9"
"Shane McClanahan","TBR","","BOS","W(1-1)","7"
"Shane McClanahan","TBR","","MIN","L(1-2)","11"
"Shane McClanahan","TBR","@","SEA","W(2-2)","5"
"Sean Manaea","SDP","@","ARI","W(1-0)","7"
"Sean Manaea","SDP","@","SFG","L(1-1)","6"
"Sean Manaea","SDP","","CIN","W(2-1)","6"
"Sean Manaea","SDP","","LAD","L(2-2)","5"
"Sean Manaea","SDP","","MIA","L(2-3)","8"
"Kyle Freeland","COL","","LAD","L(0-1)","6"
"Kyle Freeland","COL","","CHC","L(0-2)","1"
"Kyle Freeland","COL","","PHI","","3"
"Kyle Freeland","COL","","CIN","W(1-3)","4"
"Kyle Freeland","COL","@","ARI","","5"
"Kyle Freeland","COL","","KCR","L(1-4)","0"
"Patrick Corbin","WSN","","NYM","L(0-1)","4"
"Patrick Corbin","WSN","@","ATL","L(0-2)","3"
"Patrick Corbin","WSN","@","PIT","","4"
"Patrick Corbin","WSN","","SFG","L(0-3)","4"
"Patrick Corbin","WSN","","MIA","L(0-4)","8"
"Patrick Corbin","WSN","","NYM","","5"
"Patrick Corbin","WSN","","HOU","L(0-6)","5"
"Shane Bieber","CLE","@","KCR","","4"
"Shane Bieber","CLE","@","CIN","","5"
"Shane Bieber","CLE","","CHW","W(1-0)","7"
"Shane Bieber","CLE","","TOR","L(1-2)","0"
"Framber Valdez","HOU","@","LAA","W(1-0)","6"
"Framber Valdez","HOU","@","ARI","","3"
"Framber Valdez","HOU","","LAA","L(1-1)","3"
"Framber Valdez","HOU","@","TEX","","5"
"Framber Valdez","HOU","","DET","","7"
"Adam Wainwright","STL","","PIT","W(1-0)","6"
"Adam Wainwright","STL","@","MIL","L(1-1)","7"
"Adam Wainwright","STL","@","MIA","W(2-1)","6"
"Adam Wainwright","STL","@","CIN","L(2-2)","3"
"Adam Wainwright","STL","@","KCR","W(3-3)","2"
"Adam Wainwright","STL","","SFG","W(4-3)","5"
"Eduardo Rodriguez","DET","","CHW","","2"
"Eduardo Rodriguez","DET","","BOS","L(0-1)","5"
"Eduardo Rodriguez","DET","","NYY","","5"
"Eduardo Rodriguez","DET","@","LAD","L(0-2)","5"
"Eduardo Rodriguez","DET","@","HOU","","8"
"Aaron Nola","PHI","","OAK","W(1-0)","7"
"Aaron Nola","PHI","","NYM","L(1-1)","5"
"Aaron Nola","PHI","@","COL","L(1-2)","4"
"Aaron Nola","PHI","","MIL","","9"
"Aaron Nola","PHI","@","NYM","L(1-3)","9"
"Aaron Nola","PHI","@","SEA","L(1-4)","6"
"Yu Darvish","SDP","@","ARI","","3"
"Yu Darvish","SDP","@","SFG","L(0-1)","2"
"Yu Darvish","SDP","","ATL","W(1-1)","8"
"Yu Darvish","SDP","","LAD","","7"
"Yu Darvish","SDP","@","PIT","W(2-1)","5"
"Yu Darvish","SDP","","MIA","W(3-1)","3"
"Yu Darvish","SDP","@","ATL","","4"
"Sandy Alcantara","MIA","@","SFG","","4"
"Sandy Alcantara","MIA","","PHI","W(1-0)","5"
"Sandy Alcantara","MIA","","STL","","6"
"Sandy Alcantara","MIA","@","WSN","W(2-0)","5"
"Sandy Alcantara","MIA","@","SDP","L(2-2)","5"
"Sandy Alcantara","MIA","@","ARI","","6"
"Robbie Ray","SEA","@","MIN","W(1-0)","5"
"Robbie Ray","SEA","@","CHW","L(1-1)","4"
"Robbie Ray","SEA","","TEX","W(2-1)","4"
"Robbie Ray","SEA","","KCR","","5"
"Robbie Ray","SEA","@","MIA","L(2-2)","8"
"Robbie Ray","SEA","@","NYM","W(4-3)","9"
"Nick Pivetta","BOS","@","NYY","L(0-1)","4"
"Nick Pivetta","BOS","","MIN","L(0-2)","2"
"Nick Pivetta","BOS","","TOR","L(0-3)","4"
"Nick Pivetta","BOS","@","TOR","","6"
"Nick Pivetta","BOS","@","BAL","L(0-4)","5"
"Nick Pivetta","BOS","","CHW","","8"
"Nick Pivetta","BOS","@","TEX","W(1-4)","4"
"Steven Matz","STL","","PIT","L(0-1)","5"
"Steven Matz","STL","@","MIL","W(1-1)","6"
"Steven Matz","STL","@","CIN","W(2-1)","6"
"Steven Matz","STL","","NYM","","6"
"Steven Matz","STL","","KCR","W(3-1)","4"
"Steven Matz","STL","@","SFG","L(3-2)","3"
"Zach Davies","ARI","","SDP","","2"
"Zach Davies","ARI","@","NYM","L(0-1)","2"
"Zach Davies","ARI","@","WSN","W(1-1)","7"
"Zach Davies","ARI","","LAD","","3"
"Zach Davies","ARI","@","STL","","2"
"Zach Davies","ARI","","CHC","W(2-1)","6"
"Mitch Keller","PIT","@","STL","L(0-1)","4"
"Mitch Keller","PIT","","WSN","L(0-2)","4"
"Mitch Keller","PIT","@","MIL","L(0-3)","7"
"Mitch Keller","PIT","","MIL","","1"
"Mitch Keller","PIT","","SDP","L(0-4)","5"
"Mitch Keller","PIT","@","CIN","","3"
"Mitch Keller","PIT","","CIN","L(0-5)","2"
"JT Brubaker","PIT","@","STL","L(0-1)","2"
"JT Brubaker","PIT","","WSN","","5"
"JT Brubaker","PIT","@","MIL","L(0-2)","6"
"JT Brubaker","PIT","","SDP","","4"
"JT Brubaker","PIT","@","CIN","","9"
"JT Brubaker","PIT","","CIN","L(0-3)","3"
"Josiah Gray","WSN","","NYM","L(0-1)","5"
"Josiah Gray","WSN","@","ATL","W(1-1)","5"
"Josiah Gray","WSN","","ARI","W(2-1)","8"
"Josiah Gray","WSN","","MIA","L(2-2)","10"
"Josiah Gray","WSN","@","SFG","W(3-2)","3"
"Josiah Gray","WSN","@","LAA","W(4-2)","3"
"Josiah Gray","WSN","","HOU","L(4-3)","5"
"Nathan Eovaldi","BOS","@","NYY","","7"
"Nathan Eovaldi","BOS","","TOR","","6"
"Nathan Eovaldi","BOS","@","TOR","","5"
"Nathan Eovaldi","BOS","@","BAL","","8"
"Nathan Eovaldi","BOS","@","ATL","","6"
"Madison Bumgarner","ARI","","SDP","","2"
"Madison Bumgarner","ARI","","HOU","","2"
"Madison Bumgarner","ARI","@","WSN","L(0-1)","5"
"Madison Bumgarner","ARI","","NYM","","4"
"Madison Bumgarner","ARI","@","STL","W(1-1)","2"
"Madison Bumgarner","ARI","","MIA","W(2-1)","5"
"Jose Berrios","TOR","@","NYY","","5"
"Jose Berrios","TOR","@","BOS","W(1-0)","6"
"Jose Berrios","TOR","","BOS","","4"
"Jose Berrios","TOR","","HOU","W(2-0)","5"
"Jose Berrios","TOR","@","CLE","L(2-1)","0"
"Jose Berrios","TOR","@","NYY","L(2-2)","4"
"Kyle Hendricks","CHC","","MIL","","7"
"Kyle Hendricks","CHC","@","PIT","L(0-1)","4"
"Kyle Hendricks","CHC","","TBR","","6"
"Kyle Hendricks","CHC","","PIT","W(1-1)","2"
"Kyle Hendricks","CHC","@","MIL","L(1-2)","2"
"Kyle Hendricks","CHC","","CHW","L(1-3)","2"
"Kyle Hendricks","CHC","@","ARI","","2"
"Joan Adon","WSN","","NYM","L(0-1)","3"
"Joan Adon","WSN","@","PIT","L(0-2)","5"
"Joan Adon","WSN","","ARI","W(1-2)","5"
"Joan Adon","WSN","","SFG","L(1-3)","3"
"Joan Adon","WSN","@","SFG","L(1-4)","5"
"Joan Adon","WSN","@","LAA","L(1-5)","6"
"Joan Adon","WSN","","NYM","L(1-6)","2"
"Marco Gonzales","SEA","@","MIN","L(0-1)","1"
"Marco Gonzales","SEA","","HOU","W(1-1)","6"
"Marco Gonzales","SEA","","TEX","","6"
"Marco Gonzales","SEA","@","HOU","L(1-3)","2"
"Marco Gonzales","SEA","","TBR","L(1-4)","1"
"Carlos Rodon","SFG","","MIA","","12"
"Carlos Rodon","SFG","@","CLE","W(1-0)","9"
"Carlos Rodon","SFG","@","NYM","W(2-0)","8"
"Carlos Rodon","SFG","@","LAD","L(3-1)","3"
"Carlos Rodon","SFG","@","STL","L(4-2)","3"
"Joe Musgrove","SDP","@","ARI","","8"
"Joe Musgrove","SDP","","ATL","W(1-0)","6"
"Joe Musgrove","SDP","","CIN","W(2-0)","7"
"Joe Musgrove","SDP","@","CIN","W(3-0)","4"
"Joe Musgrove","SDP","@","PIT","W(4-0)","8"
"Joe Musgrove","SDP","@","ATL","","6"
"Shohei Ohtani","LAA","","HOU","L(0-1)","9"
"Shohei Ohtani","LAA","@","TEX","L(0-2)","5"
"Shohei Ohtani","LAA","@","HOU","W(1-2)","12"
"Shohei Ohtani","LAA","","CLE","W(2-2)","4"
"Shohei Ohtani","LAA","@","BOS","W(3-2)","11"
"Shohei Ohtani","LAA","","TBR","","5"
"Kyle Wright","ATL","","CIN","W(1-0)","6"
"Kyle Wright","ATL","@","SDP","","9"
"Kyle Wright","ATL","","MIA","W(2-0)","11"
"Kyle Wright","ATL","","CHC","W(3-0)","8"
"Kyle Wright","ATL","@","NYM","L(3-1)","3"
"Kyle Wright","ATL","","BOS","L(3-2)","4"
"Kyle Wright","ATL","","SDP","","9"
"Clayton Kershaw","LAD","@","MIN","W(1-0)","13"
"Clayton Kershaw","LAD","","ATL","W(2-0)","7"
"Clayton Kershaw","LAD","@","SDP","W(3-0)","3"
"Clayton Kershaw","LAD","","DET","","7"
"Clayton Kershaw","LAD","@","CHC","W(4-0)","2"
"Tarik Skubal","DET","","CHW","L(0-1)","3"
"Tarik Skubal","DET","@","KCR","","7"
"Tarik Skubal","DET","","COL","W(1-1)","6"
"Tarik Skubal","DET","@","MIN","L(1-2)","4"
"Tarik Skubal","DET","@","HOU","","9"
"Tarik Skubal","DET","","OAK","W(2-2)","5"
"Paul Blackburn","OAK","@","TBR","W(1-0)","7"
"Paul Blackburn","OAK","@","TOR","","3"
"Paul Blackburn","OAK","","BAL","W(2-0)","4"
"Paul Blackburn","OAK","@","SFG","W(3-0)","4"
"Paul Blackburn","OAK","","TBR","","5"
"Paul Blackburn","OAK","@","DET","W(4-0)","3"
"Paul Blackburn","OAK","","LAA","","3"
"Triston McKenzie","CLE","@","CIN","","6"
"Triston McKenzie","CLE","","CHW","","4"
"Triston McKenzie","CLE","@","LAA","L(0-2)","6"
"Triston McKenzie","CLE","@","OAK","W(1-2)","7"
"Triston McKenzie","CLE","@","MIN","L(2-3)","4"
"Martin Perez","TEX","","COL","L(0-1)","2"
"Martin Perez","TEX","","LAA","L(0-2)","5"
"Martin Perez","TEX","@","OAK","","5"
"Martin Perez","TEX","","HOU","","4"
"Martin Perez","TEX","@","PHI","","4"
"Martin Perez","TEX","","BOS","W(2-2)","7"
"Nestor Cortes","NYY","","TOR","","5"
"Nestor Cortes","NYY","@","BAL","","12"
"Nestor Cortes","NYY","","CLE","","8"
"Nestor Cortes","NYY","@","KCR","W(1-0)","3"
"Nestor Cortes","NYY","@","TOR","L(1-1)","3"
"Nestor Cortes","NYY","@","CHW","W(2-1)","7"
"Eric Lauer","MIL","@","BAL","","5"
"Eric Lauer","MIL","","PIT","W(1-0)","5"
"Eric Lauer","MIL","@","PHI","","13"
"Eric Lauer","MIL","","CHC","W(2-0)","11"
"Eric Lauer","MIL","@","ATL","W(3-0)","8"
"Eric Lauer","MIL","@","MIA","L(3-1)","7"
"Bruce Zimmermann","BAL","","MIL","","4"
"Bruce Zimmermann","BAL","","NYY","","6"
"Bruce Zimmermann","BAL","@","LAA","W(1-0)","6"
"Bruce Zimmermann","BAL","@","NYY","L(1-1)","5"
"Bruce Zimmermann","BAL","","MIN","","4"
"Bruce Zimmermann","BAL","","KCR","W(2-1)","5"
"Bruce Zimmermann","BAL","@","DET","L(2-2)","2"
"Carlos Carrasco","NYM","@","WSN","","5"
"Carlos Carrasco","NYM","","ARI","","8"
"Carlos Carrasco","NYM","","SFG","W(1-0)","7"
"Carlos Carrasco","NYM","@","STL","L(1-1)","3"
"Carlos Carrasco","NYM","","ATL","W(2-1)","5"
"Carlos Carrasco","NYM","@","WSN","W(3-1)","5"
"Carlos Carrasco","NYM","","SEA","","2"
"Justin Verlander","HOU","@","LAA","L(0-1)","7"
"Justin Verlander","HOU","@","SEA","W(1-1)","8"
"Justin Verlander","HOU","","TOR","","5"
"Justin Verlander","HOU","@","TEX","W(2-1)","8"
"Justin Verlander","HOU","@","MIN","W(4-1)","5"
"Zach Eflin","PHI","","OAK","","3"
"Zach Eflin","PHI","@","MIA","L(0-1)","4"
"Zach Eflin","PHI","@","COL","","5"
"Zach Eflin","PHI","","COL","W(1-1)","3"
"Zach Eflin","PHI","@","NYM","L(1-2)","3"
"Freddy Peralta","MIL","@","CHC","","6"
"Freddy Peralta","MIL","","STL","L(0-1)","4"
"Freddy Peralta","MIL","@","PHI","","6"
"Freddy Peralta","MIL","@","PIT","","7"
"Freddy Peralta","MIL","","CIN","W(1-1)","7"
"Freddy Peralta","MIL","@","CIN","W(2-1)","8"
"Joe Ryan","MIN","","SEA","L(0-1)","4"
"Joe Ryan","MIN","@","BOS","W(1-1)","7"
"Joe Ryan","MIN","@","KCR","W(2-1)","5"
"Joe Ryan","MIN","","DET","W(3-1)","9"
"Joe Ryan","MIN","@","BAL","","3"
"Joe Ryan","MIN","","HOU","L(3-2)","3"
"Michael Kopech","CHW","@","DET","","3"
"Michael Kopech","CHW","","TBR","","5"
"Michael Kopech","CHW","@","MIN","","7"
"Michael Kopech","CHW","","KCR","","3"
"Michael Kopech","CHW","@","CHC","","5"
"Michael Kopech","CHW","","CLE","","7"
"Michael Kopech","CHW","","NYY","L(0-1)","3"
"Walker Buehler","LAD","@","COL","W(1-0)","5"
"Walker Buehler","LAD","","CIN","","4"
"Walker Buehler","LAD","","ATL","L(1-1)","2"
"Walker Buehler","LAD","","DET","W(3-1)","5"
"Walker Buehler","LAD","@","CHC","W(4-1)","6"
"Walker Buehler","LAD","","PHI","","3"
"Max Scherzer","NYM","@","WSN","W(1-0)","6"
"Max Scherzer","NYM","@","PHI","W(2-0)","7"
"Max Scherzer","NYM","","PHI","W(4-0)","9"
"Max Scherzer","NYM","","SEA","","6"
"Brandon Woodruff","MIL","@","CHC","L(0-1)","2"
"Brandon Woodruff","MIL","","STL","W(1-1)","2"
"Brandon Woodruff","MIL","","PIT","W(2-1)","9"
"Brandon Woodruff","MIL","@","PIT","","6"
"Brandon Woodruff","MIL","","CIN","W(3-1)","12"
"Brandon Woodruff","MIL","@","CIN","L(3-2)","6"
"Brandon Woodruff","MIL","@","MIA","W(4-2)","6"
"Adrian Houser","MIL","@","BAL","L(0-1)","3"
"Adrian Houser","MIL","","STL","L(0-2)","4"
"Adrian Houser","MIL","@","PHI","W(1-2)","3"
"Adrian Houser","MIL","","CIN","W(3-2)","6"
"Adrian Houser","MIL","@","CIN","L(3-3)","3"
"Chris Bassitt","NYM","@","WSN","W(1-0)","8"
"Chris Bassitt","NYM","","ARI","W(2-0)","6"
"Chris Bassitt","NYM","","SFG","L(2-1)","6"
"Chris Bassitt","NYM","@","STL","W(3-1)","6"
"Chris Bassitt","NYM","","ATL","L(3-2)","8"
"Chad Kuhl","COL","@","TEX","","5"
"Chad Kuhl","COL","","PHI","W(1-0)","4"
"Chad Kuhl","COL","@","DET","W(2-0)","4"
"Chad Kuhl","COL","","CIN","W(3-0)","4"
"Chad Kuhl","COL","@","ARI","","5"
"Alek Manoah","TOR","@","NYY","W(1-0)","7"
"Alek Manoah","TOR","","OAK","W(2-0)","6"
"Alek Manoah","TOR","@","HOU","W(3-0)","5"
"Alek Manoah","TOR","","BOS","W(4-0)","7"
"Alek Manoah","TOR","","NYY","","7"
"Alek Manoah","TOR","@","CLE","","3"
"Alek Manoah","TOR","@","TBR","L(4-1)","4"
"Corey Kluber","TBR","","BAL","","5"
"Corey Kluber","TBR","@","CHW","","4"
"Corey Kluber","TBR","","BOS","L(0-1)","3"
"Corey Kluber","TBR","","MIN","W(1-1)","6"
"Corey Kluber","TBR","@","OAK","","7"
"Corey Kluber","TBR","@","LAA","L(1-2)","2"
"Zack Wheeler","PHI","","NYM","L(0-1)","3"
"Zack Wheeler","PHI","@","MIA","L(0-2)","3"
"Zack Wheeler","PHI","","MIL","L(0-3)","5"
"Zack Wheeler","PHI","","COL","W(1-3)","7"
"Zack Wheeler","PHI","","TEX","","7"
"Zack Wheeler","PHI","@","LAD","","7"
"Jordan Montgomery","NYY","","BOS","","4"
"Jordan Montgomery","NYY","@","BAL","","2"
"Jordan Montgomery","NYY","@","DET","L(0-1)","5"
"Jordan Montgomery","NYY","","BAL","","4"
"Jordan Montgomery","NYY","@","TOR","","5"
"Jordan Montgomery","NYY","","TEX","","5"
"Jordan Montgomery","NYY","@","CHW","","4"
"Jameson Taillon","NYY","","TOR","L(0-1)","6"
"Jameson Taillon","NYY","@","BAL","","2"
"Jameson Taillon","NYY","","CLE","W(1-1)","5"
"Jameson Taillon","NYY","","BAL","","4"
"Jameson Taillon","NYY","@","TOR","W(2-1)","4"
"Jameson Taillon","NYY","","TOR","W(3-1)","4"
"Brad Keller","KCR","","CLE","","5"
"Brad Keller","KCR","","DET","L(0-1)","5"
"Brad Keller","KCR","@","SEA","L(0-2)","4"
"Brad Keller","KCR","@","CHW","","3"
"Brad Keller","KCR","","STL","W(1-2)","2"
"Brad Keller","KCR","@","TEX","L(1-3)","3"
"Austin Gomber","COL","@","TEX","","4"
"Austin Gomber","COL","","CHC","L(0-1)","2"
"Austin Gomber","COL","@","DET","W(1-1)","8"
"Austin Gomber","COL","@","PHI","L(1-2)","6"
"Austin Gomber","COL","","WSN","W(2-2)","6"
"Austin Gomber","COL","@","SFG","L(2-3)","3"
"Austin Gomber","COL","","KCR","","3"
"Jesus Luzardo","MIA","@","LAA","","12"
"Jesus Luzardo","MIA","","STL","L(0-1)","3"
"Jesus Luzardo","MIA","@","ATL","W(1-1)","8"
"Jesus Luzardo","MIA","","SEA","W(2-1)","5"
"Jesus Luzardo","MIA","@","SDP","L(2-2)","7"
"Jesus Luzardo","MIA","@","ARI","L(2-3)","6"
"Ross Stripling","TOR","","OAK","","3"
"Ross Stripling","TOR","@","HOU","","2"
"Ross Stripling","TOR","","BOS","","7"
"Ross Stripling","TOR","","NYY","","3"
"Ross Stripling","TOR","@","CLE","L(0-1)","3"
"Julio Urias","LAD","@","COL","L(0-1)","0"
"Julio Urias","LAD","","CIN","","5"
"Julio Urias","LAD","@","SDP","W(1-1)","6"
"Julio Urias","LAD","@","ARI","","4"
"Julio Urias","LAD","","SFG","W(2-1)","4"
"Julio Urias","LAD","@","PIT","L(2-2)","4"
"Julio Urias","LAD","","PHI","L(2-3)","3"
"Tony Gonsolin","LAD","@","COL","","3"
"Tony Gonsolin","LAD","","CIN","","2"
"Tony Gonsolin","LAD","","ATL","W(1-0)","3"
"Tony Gonsolin","LAD","@","ARI","","5"
"Tony Gonsolin","LAD","","SFG","W(2-0)","5"
"Tony Gonsolin","LAD","@","PIT","W(3-0)","5"
"Michael Wacha","BOS","@","DET","","4"
"Michael Wacha","BOS","","MIN","","5"
"Michael Wacha","BOS","@","TBR","W(1-0)","3"
"Michael Wacha","BOS","@","TOR","W(2-0)","5"
"Michael Wacha","BOS","","LAA","W(3-0)","2"
"Zack Greinke","KCR","","CLE","","1"
"Zack Greinke","KCR","","DET","","0"
"Zack Greinke","KCR","","MIN","L(0-1)","1"
"Zack Greinke","KCR","@","CHW","","4"
"Zack Greinke","KCR","@","STL","L(0-2)","1"
"Zack Greinke","KCR","@","BAL","","3"
"Rich Hill","BOS","@","DET","","4"
"Rich Hill","BOS","","MIN","L(0-1)","2"
"Rich Hill","BOS","@","TBR","","1"
"Rich Hill","BOS","@","BAL","","4"
"Rich Hill","BOS","","LAA","","6"
"Rich Hill","BOS","@","TEX","W(1-1)","4"
"Kyle Gibson","PHI","","OAK","W(1-0)","10"
"Kyle Gibson","PHI","@","MIA","L(1-1)","6"
"Kyle Gibson","PHI","@","COL","","3"
"Kyle Gibson","PHI","","COL","W(2-1)","4"
"Kyle Gibson","PHI","@","NYM","","3"
"Kyle Gibson","PHI","","NYM","W(3-1)","3"
"Kyle Gibson","PHI","@","LAD","","1"
"Gerrit Cole","NYY","","BOS","","3"
"Gerrit Cole","NYY","","TOR","","6"
"Gerrit Cole","NYY","@","DET","","3"
"Gerrit Cole","NYY","","CLE","W(1-0)","9"
"Gerrit Cole","NYY","@","KCR","W(2-0)","6"
"Gerrit Cole","NYY","@","CHW","W(3-0)","9"
"Dane Dunning","TEX","@","TOR","","4"
"Dane Dunning","TEX","","LAA","","7"
"Dane Dunning","TEX","@","SEA","L(0-1)","3"
"Dane Dunning","TEX","","HOU","","5"
"Dane Dunning","TEX","","ATL","W(1-1)","7"
"Dane Dunning","TEX","","BOS","L(1-2)","6"
"Jake Odorizzi","HOU","@","LAA","","2"
"Jake Odorizzi","HOU","@","SEA","L(0-1)","1"
"Jake Odorizzi","HOU","@","TEX","W(1-2)","4"
"Jake Odorizzi","HOU","","SEA","W(2-2)","3"
"Jake Odorizzi","HOU","","DET","W(3-2)","5"
"Luis Garcia","HOU","@","ARI","","1"
"Luis Garcia","HOU","","LAA","W(1-0)","7"
"Luis Garcia","HOU","","TOR","","6"
"Luis Garcia","HOU","@","TOR","L(1-1)","5"
"Luis Garcia","HOU","","DET","W(2-1)","9"
"Luis Garcia","HOU","@","MIN","W(3-1)","9"
"Luis Severino","NYY","","BOS","","5"
"Luis Severino","NYY","","TOR","W(1-0)","6"
"Luis Severino","NYY","@","DET","","3"
"Luis Severino","NYY","","BAL","W(2-0)","5"
"Luis Severino","NYY","@","KCR","","4"
"Luis Severino","NYY","","TOR","","8"
"Cal Quantrill","CLE","@","KCR","W(1-0)","2"
"Cal Quantrill","CLE","","SFG","","2"
"Cal Quantrill","CLE","@","NYY","","2"
"Cal Quantrill","CLE","@","LAA","L(1-1)","4"
"Cal Quantrill","CLE","","SDP","","7"
"Cal Quantrill","CLE","@","CHW","L(1-2)","3"
"Dylan Bundy","MIN","","SEA","W(1-0)","2"
"Dylan Bundy","MIN","@","BOS","W(2-0)","6"
"Dylan Bundy","MIN","","CHW","W(3-0)","4"
"Dylan Bundy","MIN","@","TBR","L(3-1)","7"
"Dylan Bundy","MIN","@","BAL","L(3-2)","3"
"Jose Quintana","PIT","","CHC","L(0-1)","3"
"Jose Quintana","PIT","","WSN","","2"
"Jose Quintana","PIT","@","CHC","","3"
"Jose Quintana","PIT","","MIL","","9"
"Jose Quintana","PIT","@","DET","","3"
"Jose Quintana","PIT","","CIN","","5"
"Erick Fedde","WSN","","NYM","","5"
"Erick Fedde","WSN","@","PIT","W(1-0)","6"
"Erick Fedde","WSN","","ARI","L(1-1)","3"
"Erick Fedde","WSN","","MIA","L(1-2)","5"
"Erick Fedde","WSN","@","LAA","","4"
"Erick Fedde","WSN","","HOU","","6"
"Antonio Senzatela","COL","","LAD","","0"
"Antonio Senzatela","COL","","CHC","W(1-0)","2"
"Antonio Senzatela","COL","@","DET","L(1-1)","3"
"Antonio Senzatela","COL","","CIN","W(2-1)","1"
"Antonio Senzatela","COL","","WSN","","1"
"Antonio Senzatela","COL","@","SFG","L(2-2)","1"
"Tyler Wells","BAL","@","TBR","L(0-1)","2"
"Tyler Wells","BAL","","NYY","","3"
"Tyler Wells","BAL","@","OAK","L(0-2)","1"
"Tyler Wells","BAL","@","NYY","","4"
"Tyler Wells","BAL","","MIN","","4"
"Tyler Wells","BAL","","KCR","W(1-2)","3"
"Tyler Wells","BAL","@","DET","L(1-3)","2"
"Chris Flexen","SEA","@","MIN","L(0-1)","3"
"Chris Flexen","SEA","","HOU","L(0-2)","3"
"Chris Flexen","SEA","","KCR","W(1-2)","5"
"Chris Flexen","SEA","@","TBR","L(1-3)","4"
"Chris Flexen","SEA","@","HOU","L(1-4)","2"
"Chris Flexen","SEA","","PHI","L(1-5)","5"
"Marcus Stroman","CHC","","MIL","","3"
"Marcus Stroman","CHC","@","COL","L(0-1)","4"
"Marcus Stroman","CHC","","TBR","L(0-2)","7"
"Marcus Stroman","CHC","@","ATL","L(0-3)","3"
"Marcus Stroman","CHC","@","MIL","W(1-3)","5"
"Jose Urquidy","HOU","@","LAA","W(1-0)","2"
"Jose Urquidy","HOU","@","SEA","L(1-1)","2"
"Jose Urquidy","HOU","","TOR","","3"
"Jose Urquidy","HOU","@","TOR","W(2-1)","6"
"Jose Urquidy","HOU","","DET","","3"
"Vince Velasquez","CHW","","SEA","","2"
"Vince Velasquez","CHW","","TBR","L(0-1)","5"
"Vince Velasquez","CHW","@","MIN","L(0-2)","6"
"Vince Velasquez","CHW","","LAA","W(1-2)","6"
"Vince Velasquez","CHW","@","BOS","W(2-2)","2"
"Justin Steele","CHC","","MIL","W(1-0)","5"
"Justin Steele","CHC","@","COL","","4"
"Justin Steele","CHC","","PIT","L(1-2)","2"
"Justin Steele","CHC","@","MIL","L(1-3)","4"
"Justin Steele","CHC","","LAD","L(1-4)","3"
"Justin Steele","CHC","@","ARI","","10"
"Daulton Jefferies","OAK","@","TOR","L(1-1)","2"
"Daulton Jefferies","OAK","","BAL","L(1-2)","5"
"Daulton Jefferies","OAK","@","SFG","L(1-3)","3"
"Daulton Jefferies","OAK","","TBR","L(1-4)","4"
"Daulton Jefferies","OAK","@","MIN","L(1-5)","3"
"Daulton Jefferies","OAK","","LAA","L(1-6)","4"
"Jordan Lyles","BAL","@","TBR","L(0-1)","2"
"Jordan Lyles","BAL","","NYY","","4"
"Jordan Lyles","BAL","@","OAK","W(1-1)","6"
"Jordan Lyles","BAL","@","NYY","L(1-2)","3"
"Jordan Lyles","BAL","","KCR","","5"
"Jordan Lyles","BAL","@","DET","L(2-3)","6"
"Trevor Rogers","MIA","@","SFG","L(0-1)","3"
"Trevor Rogers","MIA","","PHI","L(0-2)","3"
"Trevor Rogers","MIA","@","ATL","L(0-3)","4"
"Trevor Rogers","MIA","@","WSN","W(1-3)","4"
"Trevor Rogers","MIA","","ARI","L(1-4)","4"
"Trevor Rogers","MIA","@","SDP","","3"
"Michael Lorenzen","LAA","","MIA","W(1-0)","7"
"Michael Lorenzen","LAA","@","HOU","L(1-1)","2"
"Michael Lorenzen","LAA","","CLE","W(2-1)","3"
"Michael Lorenzen","LAA","","WSN","L(3-2)","7"
"Michael Lorenzen","LAA","@","OAK","W(4-2)","3"
"Reid Detmers","LAA","","HOU","","3"
"Reid Detmers","LAA","@","TEX","","5"
"Reid Detmers","LAA","","BAL","L(0-1)","4"
"Reid Detmers","LAA","","CLE","W(1-1)","4"
"Reid Detmers","LAA","@","BOS","","2"
"Alex Wood","SFG","","SDP","","6"
"Alex Wood","SFG","@","CLE","W(1-0)","5"
"Alex Wood","SFG","@","WSN","W(2-0)","5"
"Alex Wood","SFG","","WSN","L(2-1)","3"
"Alex Wood","SFG","@","LAD","L(2-2)","7"
"Taylor Hearn","TEX","","COL","","6"
"Taylor Hearn","TEX","","LAA","L(0-1)","4"
"Taylor Hearn","TEX","@","SEA","","4"
"Taylor Hearn","TEX","","HOU","L(0-2)","4"
"Taylor Hearn","TEX","","ATL","W(1-2)","6"
"Taylor Hearn","TEX","","KCR","W(2-2)","5"
"Cole Irvin","OAK","@","PHI","L(0-1)","4"
"Cole Irvin","OAK","@","TBR","W(1-1)","2"
"Cole Irvin","OAK","","BAL","","4"
"Cole Irvin","OAK","","TEX","W(2-1)","4"
"Cole Irvin","OAK","","CLE","","4"
"Dakota Hudson","STL","","KCR","","4"
"Dakota Hudson","STL","@","MIL","L(0-1)","2"
"Dakota Hudson","STL","@","CIN","W(1-1)","4"
"Dakota Hudson","STL","","ARI","W(2-1)","4"
"Dakota Hudson","STL","@","KCR","L(2-2)","4"
"Dakota Hudson","STL","@","SFG","","0"
"Dakota Hudson","STL","","SFG","W(3-2)","2"
"Zach Plesac","CLE","@","KCR","","3"
"Zach Plesac","CLE","","SFG","L(0-1)","4"
"Zach Plesac","CLE","","CHW","W(1-1)","3"
"Zach Plesac","CLE","@","LAA","L(1-2)","2"
"Zach Plesac","CLE","","SDP","L(1-3)","4"
"Zach Plesac","CLE","@","CHW","","4"
"Drew Smyly","CHC","@","PIT","W(1-0)","1"
"Drew Smyly","CHC","@","COL","","4"
"Drew Smyly","CHC","","PIT","L(1-1)","4"
"Drew Smyly","CHC","@","ATL","L(1-2)","4"
"Drew Smyly","CHC","","LAD","L(1-3)","4"
"Drew Smyly","CHC","@","ARI","L(1-4)","4"
"Aaron Civale","CLE","@","KCR","","3"
"Aaron Civale","CLE","","SFG","L(0-1)","5"
"Aaron Civale","CLE","@","NYY","L(0-2)","3"
"Aaron Civale","CLE","@","OAK","","3"
"Aaron Civale","CLE","","TOR","W(1-2)","8"
"Aaron Civale","CLE","@","MIN","L(1-3)","5"
"Spenser Watkins","BAL","","MIL","","1"
"Spenser Watkins","BAL","@","OAK","","1"
"Spenser Watkins","BAL","@","LAA","","3"
"Spenser Watkins","BAL","","BOS","","3"
"Spenser Watkins","BAL","","MIN","","2"
"Spenser Watkins","BAL","@","STL","L(0-1)","3"
"Ian Anderson","ATL","","CIN","L(0-1)","1"
"Ian Anderson","ATL","@","SDP","W(1-1)","7"
"Ian Anderson","ATL","","MIA","","4"
"Ian Anderson","ATL","@","TEX","W(2-1)","5"
"Ian Anderson","ATL","@","NYM","W(3-1)","1"
"Ian Anderson","ATL","","BOS","","4"
"Ranger Suarez","PHI","","NYM","","1"
"Ranger Suarez","PHI","@","MIA","W(1-0)","4"
"Ranger Suarez","PHI","","MIL","","4"
"Ranger Suarez","PHI","","COL","W(2-0)","3"
"Ranger Suarez","PHI","","TEX","L(2-1)","3"
"German Marquez","COL","","LAD","","5"
"German Marquez","COL","","CHC","","3"
"German Marquez","COL","","PHI","","5"
"German Marquez","COL","@","PHI","L(0-1)","1"
"German Marquez","COL","","WSN","L(0-2)","5"
"German Marquez","COL","@","ARI","L(0-3)","7"
"German Marquez","COL","","KCR","W(1-3)","6"
"Charlie Morton","ATL","","CIN","W(1-0)","5"
"Charlie Morton","ATL","@","SDP","L(1-1)","5"
"Charlie Morton","ATL","@","LAD","L(1-2)","4"
"Charlie Morton","ATL","","CHC","","1"
"Charlie Morton","ATL","@","NYM","L(1-3)","3"
"Charlie Morton","ATL","","MIL","W(2-3)","5"
"Charlie Morton","ATL","","SDP","","9"
"Nick Martinez","SDP","@","SFG","","6"
"Nick Martinez","SDP","","ATL","L(0-1)","3"
"Nick Martinez","SDP","@","CIN","W(1-2)","5"
"Nick Martinez","SDP","","CHC","","8"
"Yusei Kikuchi","TOR","@","NYY","L(0-1)","2"
"Yusei Kikuchi","TOR","@","BOS","","3"
"Yusei Kikuchi","TOR","@","HOU","","4"
"Yusei Kikuchi","TOR","","HOU","","4"
"Yusei Kikuchi","TOR","","NYY","W(1-1)","7"
"Yusei Kikuchi","TOR","@","NYY","","7"
"Chris Archer","MIN","","LAD","","3"
"Chris Archer","MIN","@","KCR","","5"
"Chris Archer","MIN","","CHW","","2"
"Chris Archer","MIN","@","TBR","","4"
"Chris Archer","MIN","@","BAL","","6"
"Chris Archer","MIN","","HOU","L(0-1)","2"
"Matt Brash","SEA","@","CHW","L(0-1)","6"
"Matt Brash","SEA","","HOU","W(1-1)","5"
"Matt Brash","SEA","","KCR","","2"
"Matt Brash","SEA","@","MIA","L(1-2)","3"
"Matt Brash","SEA","@","HOU","L(1-3)","3"
"Elieser Hernandez","MIA","@","LAA","L(0-1)","6"
"Elieser Hernandez","MIA","","PHI","W(1-1)","5"
"Elieser Hernandez","MIA","@","ATL","","4"
"Elieser Hernandez","MIA","","SEA","W(2-1)","5"
"Elieser Hernandez","MIA","","ARI","","3"
"Elieser Hernandez","MIA","@","ARI","L(2-2)","5"
"Elieser Hernandez","MIA","","MIL","L(2-3)","2"
"Vladimir Gutierrez","CIN","@","ATL","L(0-1)","4"
"Vladimir Gutierrez","CIN","@","LAD","L(0-2)","3"
"Vladimir Gutierrez","CIN","@","SDP","L(0-3)","2"
"Vladimir Gutierrez","CIN","","SDP","L(0-4)","2"
"Vladimir Gutierrez","CIN","@","MIL","L(0-5)","2"
"Vladimir Gutierrez","CIN","","MIL","","6"
"Kris Bubic","KCR","","DET","","4"
"Kris Bubic","KCR","@","SEA","","1"
"Kris Bubic","KCR","","NYY","L(0-2)","3"
"Hunter Greene","CIN","@","ATL","W(1-0)","7"
"Hunter Greene","CIN","@","LAD","L(1-1)","6"
"Hunter Greene","CIN","","STL","L(1-2)","3"
"Hunter Greene","CIN","@","COL","L(1-3)","6"
"Hunter Greene","CIN","@","MIL","L(1-4)","7"
"Chris Paddack","MIN","","LAD","L(0-1)","3"
"Chris Paddack","MIN","@","KCR","L(0-2)","4"
"Chris Paddack","MIN","","DET","","6"
"Chris Paddack","MIN","@","BAL","W(1-2)","3"
"Chris Paddack","MIN","","OAK","","4"
"Zac Gallen","ARI","@","NYM","","2"
"Zac Gallen","ARI","","NYM","","7"
"Zac Gallen","ARI","","LAD","","5"
"Zac Gallen","ARI","","COL","W(2-0)","7"
"Zac Gallen","ARI","","CHC","","9"
"Patrick Sandoval","LAA","","MIA","","6"
"Patrick Sandoval","LAA","@","HOU","","5"
"Patrick Sandoval","LAA","","CLE","W(1-0)","9"
"Patrick Sandoval","LAA","@","CHW","L(1-1)","2"
"Noah Syndergaard","LAA","","HOU","W(1-0)","1"
"Noah Syndergaard","LAA","@","TEX","W(2-0)","4"
"Noah Syndergaard","LAA","","BAL","","6"
"Noah Syndergaard","LAA","","TBR","W(3-1)","7"
"MacKenzie Gore","SDP","","ATL","","3"
"MacKenzie Gore","SDP","","CIN","W(1-0)","7"
"MacKenzie Gore","SDP","","CHC","L(2-1)","6"
"Humberto Castellanos","ARI","@","NYM","","1"
"Humberto Castellanos","ARI","","NYM","W(1-0)","5"
"Humberto Castellanos","ARI","@","MIA","W(2-1)","4"
"Humberto Castellanos","ARI","","MIA","","4"
"Humberto Castellanos","ARI","","CHC","","5"
"Alex Cobb","SFG","","SDP","W(1-0)","10"
"Alex Cobb","SFG","@","NYM","","4"
"Alex Cobb","SFG","","STL","","8"
"Alex Cobb","SFG","","COL","W(2-1)","6"
"Bailey Ober","MIN","","SEA","W(1-0)","4"
"Bailey Ober","MIN","@","BOS","L(1-1)","3"
"Bailey Ober","MIN","","CHW","","6"
"Bailey Ober","MIN","","DET","","3"
"Lucas Giolito","CHW","@","DET","","6"
"Lucas Giolito","CHW","@","MIN","","9"
"Lucas Giolito","CHW","","LAA","L(0-1)","7"
"Lucas Giolito","CHW","","CLE","W(2-1)","5"
"Daniel Lynch","KCR","@","STL","L(0-1)","7"
"Daniel Lynch","KCR","","MIN","W(1-1)","2"
"Daniel Lynch","KCR","@","CHW","W(2-1)","7"
"Daniel Lynch","KCR","","NYY","","4"
"Daniel Lynch","KCR","@","BAL","L(2-2)","5"
"Daniel Lynch","KCR","@","COL","","4"
"Jordan Hicks","STL","","ARI","","4"
"Jordan Hicks","STL","@","SFG","","5"
"Jordan Hicks","STL","","SFG","L(1-3)","3"
"Carlos Hernandez","KCR","","CLE","","1"
"Carlos Hernandez","KCR","","MIN","","0"
"Carlos Hernandez","KCR","@","SEA","","4"
"Carlos Hernandez","KCR","","NYY","L(0-1)","3"
"Carlos Hernandez","KCR","@","BAL","L(0-2)","2"
"Carlos Hernandez","KCR","@","COL","L(0-3)","3"
"Tyler Alexander","DET","","BOS","","4"
"Tyler Alexander","DET","","COL","L(0-2)","2"
"Jose Suarez","LAA","","HOU","L(0-1)","2"
"Jose Suarez","LAA","@","TEX","","3"
"Jose Suarez","LAA","","BAL","","6"
"Jose Suarez","LAA","@","CHW","L(0-2)","4"
"Zach Thompson","PIT","","CHC","","3"
"Zach Thompson","PIT","@","MIL","L(0-1)","5"
"Zach Thompson","PIT","@","CHC","L(0-2)","1"
"Zach Thompson","PIT","","SDP","L(0-3)","3"
"Zach Thompson","PIT","@","CIN","","6"
"Zach Thompson","PIT","","CIN","W(2-3)","3"
"Bryce Elder","ATL","","WSN","W(1-0)","4"
"Bryce Elder","ATL","@","SDP","L(1-1)","3"
"Bryce Elder","ATL","","MIA","L(1-2)","4"
"Bryce Elder","ATL","@","TEX","L(1-3)","1"
"Dallas Keuchel","CHW","","SEA","W(1-0)","5"
"Dallas Keuchel","CHW","","KCR","L(1-2)","2"
"Dallas Keuchel","CHW","","LAA","L(1-3)","1"
"Dallas Keuchel","CHW","@","BOS","W(2-3)","5"
"Dallas Keuchel","CHW","","NYY","","3"
"Reiver Sanmartin","CIN","@","ATL","L(0-1)","2"
"Reiver Sanmartin","CIN","@","SDP","L(0-2)","4"
"Reiver Sanmartin","CIN","","SDP","L(0-3)","2"
"Garrett Whitlock","BOS","@","TOR","L(1-1)","2"
"Garrett Whitlock","BOS","","LAA","","9"
"Garrett Whitlock","BOS","@","ATL","","5"
"Tyler Anderson","LAD","@","SDP","","4"
"Tyler Anderson","LAD","","DET","W(2-0)","3"
"Tyler Anderson","LAD","@","CHC","W(3-0)","7"
"Tyler Anderson","LAD","","PHI","","5"
"Tanner Houck","BOS","@","NYY","","3"
"Tanner Houck","BOS","","MIN","W(1-0)","4"
"Tanner Houck","BOS","","TOR","L(1-1)","4"
"David Peterson","NYM","","ARI","","4"
"David Peterson","NYM","@","ARI","","3"
"David Peterson","NYM","","ATL","W(1-0)","6"
"Bryse Wilson","PIT","@","STL","","2"
"Bryse Wilson","PIT","","WSN","","2"
"Bryse Wilson","PIT","@","CHC","","2"
"Bryse Wilson","PIT","","LAD","L(0-2)","4"
"Anthony DeSclafani","SFG","","MIA","","5"
"Anthony DeSclafani","SFG","@","CLE","","4"
"Anthony DeSclafani","SFG","@","NYM","L(0-1)","4"
"Nick Lodolo","CIN","","CLE","L(0-1)","4"
"Nick Lodolo","CIN","@","SDP","L(0-2)","8"
"Nick Lodolo","CIN","","STL","W(1-2)","7"
"Sonny Gray","MIN","","SEA","","4"
"Sonny Gray","MIN","","OAK","","7"
"Sonny Gray","MIN","","CLE","","8"
"Aaron Sanchez","WSN","","SFG","L(0-1)","1"
"Aaron Sanchez","WSN","@","SFG","W(1-1)","4"
"Aaron Sanchez","WSN","@","COL","L(1-2)","4"
"Aaron Sanchez","WSN","","NYM","W(2-2)","1"
"Jon Gray","TEX","@","TOR","","4"
"Jon Gray","TEX","@","SEA","L(0-1)","4"
"Jon Gray","TEX","@","PHI","","3"
"Jon Gray","TEX","@","NYY","","4"
"Michael Pineda","DET","","NYY","W(1-0)","2"
"Michael Pineda","DET","@","MIN","L(1-1)","2"
"Michael Pineda","DET","","PIT","","4"
"Michael Pineda","DET","","OAK","L(1-2)","4"
"Taijuan Walker","NYM","","PHI","","1"
"Taijuan Walker","NYM","@","PHI","","2"
"Taijuan Walker","NYM","@","WSN","W(1-0)","1"
"Josh Rogers","WSN","@","ATL","W(1-0)","3"
"Josh Rogers","WSN","@","PIT","L(1-1)","2"
"Josh Rogers","WSN","","ARI","L(1-2)","2"
"Mark Leiter","CHC","@","COL","L(0-1)","4"
"Mark Leiter","CHC","","PIT","","3"
"Beau Brieske","DET","","COL","L(0-1)","3"
"Beau Brieske","DET","@","LAD","","3"
"Beau Brieske","DET","@","HOU","L(0-2)","3"
"Beau Brieske","DET","","OAK","","2"
"Adam Oller","OAK","@","TBR","","3"
"Adam Oller","OAK","@","TOR","L(0-1)","3"
"Adam Oller","OAK","","TEX","L(0-2)","2"
"Adam Oller","OAK","","LAA","L(0-3)","3"
"Josh Winder","MIN","@","TBR","W(1-0)","7"
"Josh Winder","MIN","","OAK","W(2-0)","8"
"Josh Winder","MIN","","HOU","L(2-1)","2"
"Andrew Heaney","LAD","@","MIN","","5"
"Andrew Heaney","LAD","","CIN","W(1-0)","11"
"Connor Overton","CIN","@","COL","","3"
"Connor Overton","CIN","","PIT","","4"
"Connor Overton","CIN","@","PIT","W(1-0)","1"
"John Means","BAL","@","TBR","","5"
"John Means","BAL","","MIL","","2"
"Cristian Javier","HOU","@","TEX","W(1-0)","4"
"Cristian Javier","HOU","","SEA","W(2-0)","4"
"Cristian Javier","HOU","@","WSN","L(2-1)","5"
"Glenn Otto","TEX","@","OAK","W(1-0)","5"
"Glenn Otto","TEX","","HOU","","5"
"Glenn Otto","TEX","@","NYY","","2"
"Glenn Otto","TEX","","BOS","L(1-1)","4"
"Matt Manning","DET","","BOS","","2"
"Aaron Ashby","MIL","","STL","","4"
"Aaron Ashby","MIL","@","PIT","","6"
"Aaron Ashby","MIL","@","ATL","L(0-3)","3"
"Casey Mize","DET","","CHW","L(0-1)","2"
"Casey Mize","DET","@","KCR","","2"
"Jimmy Lambert","CHW","@","CLE","L(0-2)","5"
"James Kaprielian","OAK","","CLE","L(0-1)","2"
"James Kaprielian","OAK","@","MIN","L(0-2)","7"
"James Kaprielian","OAK","@","DET","","1"
"Kyle Bradish","BAL","","BOS","L(0-1)","2"
"Kyle Bradish","BAL","","MIN","","3"
"Kyle Bradish","BAL","@","STL","W(1-1)","11"
"Josh Fleming","TBR","","OAK","L(1-1)","6"
"Josh Fleming","TBR","","MIN","L(2-3)","1"
"Chris Ellis","BAL","@","OAK","","2"
"Hyun-Jin Ryu","TOR","","TEX","","4"
"Hyun-Jin Ryu","TOR","","OAK","","1"
"Hyun-Jin Ryu","TOR","@","TBR","","3"
"Huascar Ynoa","ATL","","WSN","L(0-1)","4"
"Huascar Ynoa","ATL","@","LAD","L(0-2)","4"
"Jeffrey Springs","TBR","@","LAA","L(1-1)","4"
"Jeffrey Springs","TBR","","TOR","","2"
"Trevor Williams","NYM","@","ARI","L(0-2)","0"
"Mike Clevinger","SDP","@","CLE","","4"
"Mike Clevinger","SDP","","CHC","","6"
"Nabil Crismatt","SDP","@","ARI","","4"
"Jhonathan Diaz","LAA","","WSN","W(1-0)","4"
"Jhonathan Diaz","LAA","@","OAK","","4"
"Tyler Gilbert","ARI","@","WSN","L(0-1)","3"
"Ryan Feltner","COL","@","PHI","L(0-1)","7"
"Alex Faedo","DET",NA,"PIT","","1"
"Alex Faedo","DET",NA,"OAK","L(0-1)","7"
"Eli Morgan","CLE","@","NYY","L(1-1)","5"
"Kyle Muller","ATL","@","TEX","L(0-1)","3"
"Zach Logue","OAK","@","MIN","L(1-1)","5"
"Zach Logue","OAK","@","DET","W(2-1)","6"
"Ryan Yarbrough","TBR","@","OAK","","2"
"Ryan Yarbrough","TBR","@","SEA","","4"
"Ryan Yarbrough","TBR","","TOR","","2"
"Matt Bush","TEX","","KCR","","1"
"Tommy Romero","TBR","","OAK","","1"
